{
	"title": "Best Vayne ever",
	"type": "custom",
	"map": "any",
	"mode": "any",
	"priority": true,
	"sort": 0,
	"blocks": [
		{
			"type": "Best Start Items",
			"items": [
				{
					"id": "1055",
					"count": 1
				},
				{
					"id": "2003",
					"count": 1
				},
				{
					"id": "3340",
					"count": 1
				}
			]
		},
		{
			"type": "Early Buys",
			"items": [
				{
					"id": "3086",
					"count": 1
				}
			]
		},
		{
			"type": "Core Items",
			"items": [
				{
					"id": "3046",
					"count": 1
				},
				{
					"id": "3031",
					"count": 1
				},
				{
					"id": "3006",
					"count": 1
				}
			]
		},
		{
			"type": "Situational Items",
			"items": [
				{
					"id": "3153",
					"count": 1
				},
				{
					"id": "3094",
					"count": 1
				},
				{
					"id": "3072",
					"count": 1
				}
			]
		},
		{
			"type": "Useful",
			"items": [
				{
					"id": "2043"
				},
				{
					"id": "3340"
				},
				{
					"id": "3341"
				},
				{
					"id": "3363"
				},
				{
					"id": "3364"
				}
			]
		}
	]
}