{
	"title": "Best Heimerdinger ever",
	"type": "custom",
	"map": "any",
	"mode": "any",
	"priority": true,
	"sort": 0,
	"blocks": [
		{
			"type": "Best Start Items",
			"items": [
				{
					"id": "2010",
					"count": 1
				},
				{
					"id": "1056",
					"count": 1
				},
				{
					"id": "3340",
					"count": 1
				}
			]
		},
		{
			"type": "Early Buys",
			"items": [
				{
					"id": "1057",
					"count": 1
				},
				{
					"id": "2053",
					"count": 1
				}
			]
		},
		{
			"type": "Core Items",
			"items": [
				{
					"id": "3512",
					"count": 1
				},
				{
					"id": "3116",
					"count": 1
				},
				{
					"id": "3158",
					"count": 1
				}
			]
		},
		{
			"type": "Situational Items",
			"items": [
				{
					"id": "3020",
					"count": 1
				},
				{
					"id": "3151",
					"count": 1
				},
				{
					"id": "3135",
					"count": 1
				},
				{
					"id": "3060",
					"count": 1
				}
			]
		},
		{
			"type": "Useful",
			"items": [
				{
					"id": "2043"
				},
				{
					"id": "3340"
				},
				{
					"id": "3341"
				},
				{
					"id": "3363"
				},
				{
					"id": "3364"
				}
			]
		}
	]
}