{
	"title": "shurimas%20emper0r's Quinn from league-set(dot)herokuapp(dot)com",
	"type": "custom",
	"map": "any",
	"mode": "any",
	"priority": true,
	"sort": 0,
	"blocks": [
		{
			"type": "Best Start Items",
			"items": [
				{
					"id": "1055",
					"count": 1
				},
				{
					"id": "2003",
					"count": 1
				},
				{
					"id": "3340",
					"count": 1
				}
			]
		},
		{
			"type": "Early Buys",
			"items": [
				{
					"id": "3134",
					"count": 1
				},
				{
					"id": "3133",
					"count": 1
				}
			]
		},
		{
			"type": "Core Items",
			"items": [
				{
					"id": "3142",
					"count": 1
				},
				{
					"id": "3009",
					"count": 1
				},
				{
					"id": "3094",
					"count": 1
				}
			]
		},
		{
			"type": "Situational Items",
			"items": [
				{
					"id": "3156",
					"count": 1
				},
				{
					"id": "3036",
					"count": 1
				},
				{
					"id": "3812",
					"count": 1
				},
				{
					"id": "3072",
					"count": 1
				}
			]
		},
		{
			"type": "Useful",
			"items": [
				{
					"id": "2043"
				},
				{
					"id": "3340"
				},
				{
					"id": "3341"
				},
				{
					"id": "3363"
				},
				{
					"id": "3364"
				}
			]
		}
	]
}