{
	"title": "shurimas emper0r's Urgot from league-set(dot)herokuapp(dot)com",
	"type": "custom",
	"map": "any",
	"mode": "any",
	"priority": true,
	"sort": 0,
	"blocks": [
		{
			"type": "Best Start Items",
			"items": [
				{
					"id": "1055",
					"count": 1
				},
				{
					"id": "2010",
					"count": 1
				},
				{
					"id": "3340",
					"count": 1
				},
				{
					"id": "2033",
					"count": 1
				}
			]
		},
		{
			"type": "Early Buys",
			"items": [
				{
					"id": "3070",
					"count": 1
				},
				{
					"id": "3133",
					"count": 1
				}
			]
		},
		{
			"type": "Core Items",
			"items": [
				{
					"id": "3043",
					"count": 1
				},
				{
					"id": "3071",
					"count": 1
				},
				{
					"id": "3009",
					"count": 1
				}
			]
		},
		{
			"type": "Situational Items",
			"items": [
				{
					"id": "3111",
					"count": 1
				},
				{
					"id": "3110",
					"count": 1
				},
				{
					"id": "3156",
					"count": 1
				},
				{
					"id": "3036",
					"count": 1
				}
			]
		},
		{
			"type": "Useful",
			"items": [
				{
					"id": "2043"
				},
				{
					"id": "3340"
				},
				{
					"id": "3341"
				},
				{
					"id": "3363"
				},
				{
					"id": "3364"
				}
			]
		}
	]
}