{
	"title": "Best Akali ever",
	"type": "custom",
	"map": "any",
	"mode": "any",
	"priority": true,
	"sort": 0,
	"blocks": [
		{
			"type": "Best Start Items",
			"items": [
				{
					"id": "1054",
					"count": 1
				},
				{
					"id": "2003",
					"count": 1
				},
				{
					"id": "3340",
					"count": 1
				}
			]
		},
		{
			"type": "Early Buys",
			"items": [
				{
					"id": "3751",
					"count": 1
				},
				{
					"id": "3145",
					"count": 1
				}
			]
		},
		{
			"type": "Core Items",
			"items": [
				{
					"id": "3068",
					"count": 1
				},
				{
					"id": "3146",
					"count": 1
				},
				{
					"id": "3020",
					"count": 1
				}
			]
		},
		{
			"type": "Situational Items",
			"items": [
				{
					"id": "3065",
					"count": 1
				},
				{
					"id": "3075",
					"count": 1
				},
				{
					"id": "3143",
					"count": 1
				},
				{
					"id": "3748",
					"count": 1
				}
			]
		},
		{
			"type": "Useful",
			"items": [
				{
					"id": "2043"
				},
				{
					"id": "3340"
				},
				{
					"id": "3341"
				},
				{
					"id": "3363"
				},
				{
					"id": "3364"
				}
			]
		}
	]
}