{
	"title": "frranz's Morgana from league-set(dot)herokuapp(dot)com",
	"type": "custom",
	"map": "any",
	"mode": "any",
	"priority": true,
	"sort": 0,
	"blocks": [
		{
			"type": "Best Start Items",
			"items": [
				{
					"id": "3303",
					"count": 1
				},
				{
					"id": "2010",
					"count": 1
				},
				{
					"id": "3340",
					"count": 1
				}
			]
		},
		{
			"type": "Early Buys",
			"items": [
				{
					"id": "2049",
					"count": 1
				},
				{
					"id": "3098",
					"count": 1
				}
			]
		},
		{
			"type": "Core Items",
			"items": [
				{
					"id": "3009",
					"count": 1
				},
				{
					"id": "3157",
					"count": 1
				},
				{
					"id": "3190",
					"count": 1
				}
			]
		},
		{
			"type": "Situational Items",
			"items": []
		},
		{
			"type": "Useful",
			"items": [
				{
					"id": "2043"
				},
				{
					"id": "3340"
				},
				{
					"id": "3341"
				},
				{
					"id": "3363"
				},
				{
					"id": "3364"
				}
			]
		}
	]
}